{
  "project_info": {
    "project_number": "447572703517",
    "project_id": "edusmartnotes",
    "storage_bucket": "edusmartnotes.firebasestorage.app"
  },
  "client": [
    {
      "client_info": {
        "mobilesdk_app_id": "1:447572703517:android:b9e89fdfd08d6f213109f4",
        "android_client_info": {
          "package_name": "com.example.edusmartnotes"
        }
      },
      "oauth_client": [],
      "api_key": [
        {
          "current_key": "AIzaSyBYtzD0OzeKXIlYd35AOa9YeoDmrGcjKqs"
        }
      ],
      "services": {
        "appinvite_service": {
          "other_platform_oauth_client": []
        }
      }
    }
  ],
  "configuration_version": "1"
}